<?xml version='1.0' encoding='utf-8'?>
<!DOCTYPE hibernate-configuration PUBLIC
        "-//Hibernate/Hibernate Configuration DTD 3.0//EN"
        "http://hibernate.sourceforge.net/hibernate-configuration-3.0.dtd">
 
<hibernate-configuration>
    <session-factory>
        <property name="connection.driver_class">com.sybase.jdbc3.jdbc.SybDriver</property>
        <property name="connection.url">jdbc:sybase:Tds:DUKMACA03.systems.uk.hsbc:10010/ibd_fcrm_dev</property>
        <property name="connection.username">amlidweb</property>
        <property name="connection.password">amlidweb</property>
        
        <property name="connection.pool_size">1</property>
        <property name="dialect">org.hibernate.dialect.SybaseDialect</property>
        <property name="current_session_context_class">thread</property>
        <property name="cache.provider_class">org.hibernate.cache.NoCacheProvider</property>
        <property name="show_sql">true</property>
        <property name="hbm2ddl.auto">false</property>
 
        <mapping resource="hibernate/EmployeeDetail-onetoone-unidirection-noFK-Parent-to-child-reference.hbm.xml"/>
        <mapping resource="hibernate/Employee-onetoone-unidirection-noFK-Parent-to-child-reference.hbm.xml"/>
        <!-- 
        <mapping resource="hibernate/EmployeeDetail-uniqueFK.hbm.xml"/>
        <mapping resource="hibernate/Employee-uniqueFK.hbm.xml"/>
 		-->
 
        <!-- mapping resource="hibernate/EmployeeDetail-sharedFK.hbm.xml"/>
        <mapping resource="hibernate/Employee-sharedFK.hbm.xml"/ -->

 		 
    </session-factory>
</hibernate-configuration>
