<?xml version="1.0" encoding="UTF-8"?>
<!DOCTYPE hibernate-mapping PUBLIC
        "-//Hibernate/Hibernate Mapping DTD 3.0//EN"
        "http://hibernate.sourceforge.net/hibernate-mapping-3.0.dtd">

<hibernate-mapping package="net.viralpatel.hibernate">

    <class name="EmployeeDetail" table="test_employeedetail">

		<id name="employeeId" column="employee_id">
			 <generator class="foreign">                
				 <param name="property">employee</param>           
			  </generator> 
		</id>
		
		
		<one-to-one name="employee" class="net.viralpatel.hibernate.Employee"/>
		
        <property name="street" column="street"/>
        <property name="city" column="city"/>
        <property name="state" column="state"/>
        <property name="country" column="country"/>
        
        
	</class>

</hibernate-mapping>