<?xml version="1.0" encoding="UTF-8"?>
<!DOCTYPE hibernate-mapping PUBLIC
        "-//Hibernate/Hibernate Mapping DTD 3.0//EN"
        "http://hibernate.sourceforge.net/hibernate-mapping-3.0.dtd">

<hibernate-mapping package="net.viralpatel.hibernate">

	<class name="Employee" table="test_employee">
		<id name="employeeId" column="employee_id">
			<generator class="identity" />
		</id>
		
		<!-- one-to-one name="employeeDetail" class="net.viralpatel.hibernate.EmployeeDetail" cascade="all" / -->
		
		<one-to-one name="employeeDetail" class="net.viralpatel.hibernate.EmployeeDetail" 
		property-ref="employee" cascade="all"/>		
					
		<property name="firstname" />
		<property name="lastname" column="lastname" />
		<property name="birthDate" type="date" column="birth_date" />
		<property name="cellphone" column="cell_phone" />

	</class>
</hibernate-mapping>