<?xml version="1.0"?>
<!DOCTYPE hibernate-mapping PUBLIC "-//Hibernate/Hibernate Mapping DTD 3.0//EN"
"http://hibernate.sourceforge.net/hibernate-mapping-3.0.dtd">
<!-- Generated 12-Jan-2012 18:47:36 by Hibernate Tools 3.4.0.CR1 -->
<hibernate-mapping>
	<class name="com.hsbc.cibm.cfambit.fcrmhrr.model.FcraCase" table="tbl_fcra_case">
		<id name="fcraCaseId" type="java.lang.Long">
			<column name="fcra_case_id" precision="10" scale="0" />
			<generator class="identity"></generator>
		</id>
		<version name="version" type="int">
			<column name="version" not-null="true" />
		</version>
		
		<many-to-one name="roleWithClient"
			class="com.hsbc.cibm.cfambit.fcrmhrr.model.standingdata.RoleWithClient"
			fetch="select" lazy="proxy">
			<column name="role_with_client_id" precision="10" scale="0" />
		</many-to-one>
		<many-to-one name="enteredForUser"
			class="com.hsbc.cibm.cfambit.fcrmhrr.model.User" fetch="select" lazy="proxy">
			<column name="entered_for_user_id" precision="10" scale="0" />
		</many-to-one>
		<many-to-one name="division"
			class="com.hsbc.cibm.cfambit.fcrmhrr.model.standingdata.Division"
			fetch="select" lazy="proxy">
			<column name="division_id" precision="10" scale="0" />
		</many-to-one>
		<many-to-one name="department"
			class="com.hsbc.cibm.cfambit.fcrmhrr.model.standingdata.Department"
			fetch="select" lazy="proxy">
			<column name="department_id" precision="10" scale="0" />
		</many-to-one>
		<many-to-one name="country"
			class="com.hsbc.cibm.cfambit.fcrmhrr.model.standingdata.Country"
			fetch="select" lazy="proxy">
			<column name="country_id" precision="10" scale="0" />
		</many-to-one>
		<many-to-one name="relationshipType"
			class="com.hsbc.cibm.cfambit.fcrmhrr.model.standingdata.RelationshipType"
			fetch="select" lazy="proxy">
			<column name="client_relationship_id" precision="10" scale="0" />
		</many-to-one>
		<many-to-one name="clientType"
			class="com.hsbc.cibm.cfambit.fcrmhrr.model.standingdata.ClientType"
			fetch="select" lazy="proxy">
			<column name="client_type_id" precision="10" scale="0" />
		</many-to-one>
		<property name="insideInformation" type="java.lang.Integer">
			<column name="inside_information" not-null="false" />
		</property>
		<property name="highlyRestricted" type="java.lang.Integer">
			<column name="highly_restricted" not-null="false" />
		</property>
		<property name="codeName" type="string">
			<column name="code_name" />
		</property>
		<many-to-one name="createdBy"
			class="com.hsbc.cibm.cfambit.fcrmhrr.model.User" fetch="select" lazy="false">
			<column name="created_by_id" precision="10" scale="0"
				not-null="true" />
		</many-to-one>
		<property name="createdDate" type="timestamp">
			<column name="created_date" length="23" not-null="true" />
		</property>
		<many-to-one name="lastUpdatedBy"
			class="com.hsbc.cibm.cfambit.fcrmhrr.model.User" fetch="select" lazy="false">
			<column name="last_updated_by_id" precision="10" scale="0"
				not-null="true" />
		</many-to-one>


		<set name="linkedCasesSetA" table="tbl_fcra_linked_cases" cascade="none"
			lazy="true" inverse="false">
			<key column="fcra_case_id_1" />
			<many-to-many column="fcra_case_id_2"
				class="com.hsbc.cibm.cfambit.fcrmhrr.model.FcraCase" />
		</set>
		<set name="linkedCasesSetB" table="tbl_fcra_linked_cases" cascade="none"
			lazy="true" inverse="true">
			<key column="fcra_case_id_2" />
			<many-to-many column="fcra_case_id_1"
				class="com.hsbc.cibm.cfambit.fcrmhrr.model.FcraCase" />
		</set>
		<property name="lastUpdatedDate" type="timestamp">
			<column name="last_updated_date" length="23" not-null="true" />
		</property>
		<property name="active" type="boolean">
			<column name="active" precision="1" scale="0" not-null="true" />
		</property>
		<property name="merged" type="boolean">
			<column name="merged" precision="1" scale="0" not-null="true" />
		</property>
		<property name="linked" type="boolean">
			<column name="linked" precision="1" scale="0" not-null="true" />
		</property>
		<set name="externalSystemReferences" inverse="true" cascade="all"
			lazy="true">
			<key>
				<column name="fcra_case_id" precision="10" scale="0"
					not-null="true" />
			</key>
			<one-to-many
				class="com.hsbc.cibm.cfambit.fcrmhrr.model.supportinginfo.ExternalSystemRef" />
		</set>

		<set name="attachments" inverse="true" cascade="all" lazy="true">
			<key>
				<column name="fcra_case_id" precision="10" scale="0"
					not-null="true" />
			</key>
			<one-to-many
				class="com.hsbc.cibm.cfambit.fcrmhrr.model.supportinginfo.Attachment" />
		</set>

		<set name="screeningMatches" inverse="true" cascade="all" lazy="true">
			<key>
				<column name="fcra_case_id" precision="10" scale="0"
					not-null="true" />
			</key>
			<one-to-many
				class="com.hsbc.cibm.cfambit.fcrmhrr.model.supportinginfo.ScreeningMatch" />
		</set>

		<set name="caseEntityIndicators" inverse="true" cascade="all"
			lazy="false">
			<key>
				<column name="fcra_case_id" precision="10" scale="0"
					not-null="true" />
			</key>
			<one-to-many
				class="com.hsbc.cibm.cfambit.fcrmhrr.model.CaseEntityIndicator" />
		</set>

	 
		<set name="connectedPartyLinks" inverse="true" cascade="all" lazy="true">
            <key>
                <column name="fcra_case_id" precision="10" scale="0"
                    not-null="true" />
            </key>
            <one-to-many
                class="com.hsbc.cibm.cfambit.fcrmhrr.model.connectedparty.ConnectedPartyLink" />
        </set>
        
        <one-to-one name="caseManagement" class="com.hsbc.cibm.cfambit.fcrmhrr.model.workflow.CaseManagement" 
		 cascade="all" lazy="false" property-ref="fcraCase"/>	

		<one-to-one name="caseEntity" class="com.hsbc.cibm.cfambit.fcrmhrr.model.NonPersonalEntity" 
		 cascade="all" lazy="false" property-ref="fcraCase" constrained="true"/>			
		
	</class>
</hibernate-mapping>
