<?xml version="1.0"?>
<!DOCTYPE hibernate-mapping PUBLIC "-//Hibernate/Hibernate Mapping DTD 3.0//EN"
"http://hibernate.sourceforge.net/hibernate-mapping-3.0.dtd">

<hibernate-mapping>
	<class name="com.hsbc.cibm.cfambit.fcrmhrr.model.NonPersonalEntity"
		table="tbl_fcra_non_personal_entity">
		<id name="npEntityId" type="java.lang.Long">
			<column name="np_entity_id" precision="10" scale="0" />
			<generator class="identity"></generator>
		</id>
		<version name="version" type="int">
			<column name="version" not-null="true" />
		</version>
		<many-to-one name="crimClient"
			class="com.hsbc.cibm.cfambit.fcrmhrr.model.CrimClient" fetch="select"
			lazy="false">
			<column name="crim_client_id" precision="10" scale="0"
				not-null="false" />
		</many-to-one>
		<property name="clientName" type="string">
			<column name="client_name" />
		</property>
		<property name="clientOtherName" type="string">
			<column name="client_other_name" />
		</property>
		<property name="accountName" type="string">
			<column name="account_name" />
		</property>
		<many-to-one name="incorporationCountry"
			class="com.hsbc.cibm.cfambit.fcrmhrr.model.standingdata.Country"
			fetch="select" lazy="false">
			<column name="incorporation_country_id" precision="10" scale="0" />
		</many-to-one>
		<many-to-one name="industrySector"
			class="com.hsbc.cibm.cfambit.fcrmhrr.model.standingdata.IndustrySector"
			fetch="select" lazy="false">
			<column name="industry_sector_id" precision="10" scale="0"
				not-null="false" />
		</many-to-one>
		<many-to-one name="createdBy"
			class="com.hsbc.cibm.cfambit.fcrmhrr.model.User" fetch="select" lazy="false">
			<column name="created_by_id" precision="10" scale="0"
				not-null="true" />
		</many-to-one>
		<property name="createdDate" type="timestamp">
			<column name="created_date" length="23" not-null="true" />
		</property>
		<many-to-one name="lastUpdatedBy"
			class="com.hsbc.cibm.cfambit.fcrmhrr.model.User" fetch="select" lazy="false">
			<column name="last_updated_by_id" precision="10" scale="0"
				not-null="false" />
		</many-to-one>
		<property name="lastUpdatedDate" type="timestamp">
			<column name="last_updated_date" length="23" not-null="true" />
		</property>
		<set name="entityRelationships" inverse="true"
			order-by="entity_relationship_id asc" cascade="all" lazy="false">
			<key>
				<column name="np_entity_id" precision="10" scale="0" />
			</key>
			<one-to-many class="com.hsbc.cibm.cfambit.fcrmhrr.model.EntityRelationship" />
		</set>
		<set name="countriesOperation" inverse="true" cascade="all" lazy="false">
			<key>
				<column name="np_entity_id" precision="10" scale="0"
					not-null="false" />
			</key>
			<one-to-many class="com.hsbc.cibm.cfambit.fcrmhrr.model.CountryOperation" />
		</set>
		
 		<!--  unique foreign key association -->
		<many-to-one name="fcraCase" class="com.hsbc.cibm.cfambit.fcrmhrr.model.FcraCase" 
				column="fcra_case_id" unique="true"/>
				
	</class>
</hibernate-mapping>
